Case,Location,Year,Type,Age,Race,Gender,Fatalities,Injured,Victims,Place,Legally,Mental,Sources
Dayton entertainment district shooting,"Dayton, OH",2019,Mass,24,white,male,9,27,36,Other,yes,unclear/unknown/tbd,https://www.nytimes.com/2019/08/04/us/dayton-ohio-shooting.html; https://www.nytimes.com/2019/08/04/us/mass-shootings-dayton-el-paso.html; https://www.washingtonpost.com/nation/2019/08/04/nine-fatally-shot-dayton-including-suspect-day-after-mass-shooting-texas/; https://www.washingtonpost.com/national/police-chief-it-seems-to-defy-believability-that-dayton-shooter-would-kill-his-own-sister/2019/08/05/920a895c-b79e-11e9-b3b4-2bb69e8c4e39_story.html; https://www.cnn.com/2019/08/05/us/connor-betts-dayton-shooting-profile/index.html
El Paso Walmart mass shooting,"El Paso, TX",2019,Mass,21,white,male,22,26,48,Workplace,yes,unclear/unknown/tbd,https://www.washingtonpost.com/nation/2019/08/04/investigators-search-answers-after-gunman-kills-el-paso/; https://www.nytimes.com/2019/08/04/us/mass-shootings-dayton-el-paso.html; https://www.apnews.com/5fb2144947974631912d1efa889f932b
Virginia Beach municipal building shooting,"Virginia Beach, VA",2019,Mass,40,black,male,12,4,16,Workplace,yes,unclear/unknown/tbd,https://www.washingtonpost.com/local/public-safety/virginia-beach-officials-expect-to-release-additional-details-of-mass-shooting/2019/06/02/a001b856-852f-11e9-a870-b9c411dc4312_story.html; https://pilotonline.com/news/local/virginia-beach-mass-shooting/article_e15ea290-853f-11e9-aa50-93751bba3c3b.html; https://pilotonline.com/news/local/virginia-beach-mass-shooting/article_c8353020-84a1-11e9-aa12-d3bf967368c4.html; https://www.reuters.com/article/us-virginia-shooting-guns/virginia-beach-shooter-bought-guns-he-used-legally-federal-agent-idUSKCN1T23EZ; https://www.usatoday.com/story/news/nation/2019/06/02/virginia-beach-shooter-dewayne-craddock-puzzles-law-enforcement/1319550001/
Harry Pratt Co. warehouse shooting,"Aurora, IL",2019,Mass,45,black,male,5,6,11,Workplace,no,yes,https://www.washingtonpost.com/nation/2019/02/16/man-kills-five-warehouse-shooting-spree-shortly-after-being-fired-illinois-police-say/?utm_term=.9863ec4ffc41; https://www.cnn.com/2019/02/17/us/aurora-shooting-termination/index.html; https://www.wsj.com/articles/companies-roll-out-gunshot-detectors-at-the-office-11550575801; https://www.cbsnews.com/news/gary-martin-aurora-illinois-plant-gunman-threatened-violence-if-fired-prosecutors-say/
SunTrust bank shooting,"Sebring, FL",2019,Mass,21,white,male,5,0,5,Workplace,yes,yes,https://wsbt.com/news/local/classmate-says-florida-bank-shooter-who-allegedly-killed-5-attended-bremen-high-school; https://www.washingtonpost.com/nation/2019/01/23/several-people-shot-after-gunman-barricades-himself-florida-bank-authorities-say/; https://www.wptv.com/news/state/accused-bank-shooter-zephen-xaver-fascinated-with-violence-ex-girlfriend-says; https://www.npr.org/2019/01/24/688183605/man-charged-with-murder-after-allegedly-killing-5-women-at-suntrust-bank-in-flor; https://www.wesh.com/article/sebring-bank-shooting-latest/26012533; https://www.apnews.com/c3523d282b2942739240731daaf797c2
Thousand Oaks nightclub shooting,"Thousand Oaks, CA",2018,Mass,28,other/unknown,male,12,22,34,Other,yes,yes,http://www.latimes.com/local/lanow/la-me-ln-thousand-oaks-20181107-story.html; https://www.washingtonpost.com/nation/2018/11/08/multiple-injuries-reported-bar-shooting-thousand-oaks-calif/; https://www.nytimes.com/2018/11/08/us/shooting-california-thousand-oaks.html; https://www.nytimes.com/2018/11/08/us/ian-david-long-california-shooter.html; https://www.wsj.com/articles/multiple-injuries-reported-in-bar-shooting-in-thousand-oaks-california-1541666907
Tree of Life synagogue shooting,"Pittsburgh, PA",2018,Mass,46,white,male,11,6,17,Religious,yes,unclear/unknown/tbd,https://www.nytimes.com/2018/10/27/us/active-shooter-pittsburgh-synagogue-shooting.html; https://www.cnn.com/us/live-news/pittsburgh-synagogue-shooting/h_0c180f52c8d032fd47eef570cc5065c2; https://www.nytimes.com/2018/10/30/us/ar15-gun-pittsburgh-shooting.html
T&T Trucking shooting,"Bakersfield, CA",2018,Spree,54,latino,male,5,0,5,Workplace,yes,unclear/unknown/tbd,http://www.latimes.com/local/lanow/la-me-bakersfield-mass-shooting-20180914-story.html; https://www.cnn.com/2018/09/13/us/california-shootings-multiple-dead/index.html; https://www.bakersfield.com/ex-wife-in-mass-shooting-had-just-filed-for-child/article_8d7510c2-bc38-11e8-bc73-c3793e2ec681.html
Capital Gazette shooting,"Annapolis, MD",2018,Mass,38,white,male,5,2,7,Workplace,yes,unclear/unknown/tbd,http://www.capitalgazette.com/news/annapolis/bs-md-gazette-shooting-20180628-story.html; http://www.capitalgazette.com/news/for_the_record/bs-md-ramos-charges-20180629-story.html; https://www.nytimes.com/2018/06/28/us/capital-gazette-annapolis-shooting.html; https://www.washingtonpost.com/local/public-safety/heavy-police-activity-reported-around-capital-gazette-newsroom-in-annapolis/2018/06/28/32e0123e-7b05-11e8-93cc-6d3beccdd7a3_story.html?utm_term=.e8fb121510f7; https://www.washingtonpost.com/local/public-safety/five-dead-in-shooting-at-capital-gazette-paper-suspect-in-custody/2018/06/29/374b0292-7b7e-11e8-aeee-4d04c8ac6158_story.html
Santa Fe High School shooting,"Santa Fe, TX",2018,Mass,17,white,male,10,13,23,School,unknown/tbd,unclear/unknown/tbd,https://www.chron.com/news/houston-texas/article/Shots-fired-at-Santa-Fe-High-School-12925050.php; https://www.nytimes.com/2018/05/18/us/school-shooting-santa-fe-texas.html; https://www.aol.com/article/news/2018/05/21/suspected-texas-gunman-studied-previous-mass-shootings-report/23439884/
Waffle House shooting,"Nashville, TN",2018,Mass,29,white,male,4,4,8,Other,yes,yes,https://www.washingtonpost.com/news/post-nation/wp/2018/04/23/waffle-house-shooting-travis-reinking-manhunt-continues-nashville-police-say/?utm_term=.69579db5fdc6; https://www.tennessean.com/story/news/2018/04/23/waffle-house-shooting-travis-reinking-search-continues-antioch-nashville/541313002/; https://www.nytimes.com/2018/04/23/us/waffle-house-shooting-nashville.html; https://www.buzzfeed.com/briannasacks/this-is-what-we-know-about-the-suspected-waffle-house-gunman?utm_term=.ilj2Knad6#.lklzyb3vj; http://www.wkrn.com/news/manhunt-continues-for-gunman-who-killed-4-at-antioch-waffle-house/1134986998
Marjory Stoneman Douglas High School shooting,"Parkland, FL",2018,Mass,19,white,male,17,17,34,School,yes,yes,https://www.nytimes.com/2018/02/14/us/parkland-school-shooting.html; https://www.nytimes.com/2018/02/15/us/nikolas-cruz-florida-shooting.html; https://www.washingtonpost.com/news/local/wp/2019/01/25/feature/brother-parkland-shooter-nikolas-cruz/?utm_term=.1cc1aa9bb21a
Pennsylvania carwash shooting,"Melcroft, PA",2018,Mass,28,white,male,4,1,5,Other,unknown/tbd,unclear/unknown/tbd,http://www.wpxi.com/news/top-stories/family-members-small-community-in-shock-after-4-killed-in-shooting/690497960; http://www.wpxi.com/news/top-stories/suspect-in-mass-shooting-at-car-wash-pronounced-dead/691578228
Rancho Tehama shooting spree,"Rancho Tehama, CA",2017,Spree,44,white,male,5,10,15,Other,no,unclear/unknown/tbd,https://www.nbcnews.com/news/us-news/california-mass-shooter-killed-wife-buried-her-beneath-floor-n821051; https://www.npr.org/sections/thetwo-way/2017/11/15/564335359/in-harm-s-way-school-staff-saved-students-during-tehama-county-shooting; https://twitter.com/anblanx/status/930862796123729920
Texas First Baptist Church massacre,"Sutherland Springs, TX",2017,Mass,26,white,male,26,20,46,Religious,yes,yes,https://www.washingtonpost.com/news/morning-mix/wp/2017/11/06/who-is-devin-patrick-kelley-gunman-who-officials-say-killed-churchgoers-in-sutherland-springs/; https://www.washingtonpost.com/news/post-nation/wp/2017/11/06/investigators-hunt-for-motive-in-texas-church-shooting-as-the-grieving-spans-generations/; https://www.washingtonpost.com/news/morning-mix/wp/2017/11/06/an-unlikely-hero-describes-gun-battle-and-95-mph-chase-with-texas-shooting-suspect/; http://www.cnn.com/2017/11/06/us/texas-church-shooting/index.html; https://www.usnews.com/news/top-news/articles/2017-11-06/church-shooter-killed-himself-after-vehicle-chase-sheriff-tells-cbs
Las Vegas Strip massacre,"Las Vegas, NV",2017,Mass,64,white,male,58,546,604,Other,yes,unclear/unknown/tbd,"https://www.lvmpd.com/en-us/Documents/1_October_FIT_Report_01-18-2018_Footnoted.pdf; https://www.nytimes.com/2017/10/02/us/stephen-paddock-vegas-shooter.html; https://www.wsj.com/articles/las-vegas-suspect-likely-used-automatic-rifle-in-massacre-1506966716; https://www.usatoday.com/story/news/nation/2017/10/02/las-vegas-shooting/722191001/; https://www.usatoday.com/story/news/nation/2017/10/02/las-vegas-shooting/722191001/; http://www.latimes.com/nation/la-las-vegas-shooting-live-updates-paddock-had-19-rifles-in-room-1506985512-htmlstory.html; https://www.nytimes.com/2017/10/02/us/stephen-paddock-vegas-shooter.html; https://www.usatoday.com/story/news/nation/2017/10/06/here-all-victims-las-vegas-shooting/733236001/; https://www.reviewjournal.com/crime/shootings/last-of-local-hospitals-patients-in-las-vegas-shooting-released/; *Note: casualty count from LVMPD report 1-18-18: ""deaths of 58 innocent concert goers and injuring more than
700"""
Florida awning manufacturer shooting,"Orlando, Florida",2017,Mass,45,other/unknown,male,5,0,5,Workplace,unknown/tbd,unclear/unknown/tbd,http://www.postandcourier.com/news/multiple-people-dead-following-shooting-near-orlando-monday-morning/article_918fe64c-49f6-11e7-b071-a3fbdb04ebcc.html; http://www.mcclatchydc.com/news/politics-government/national-politics/article154471839.htmlhttp://edition.cnn.com/2017/06/05/us/orlando-fatalities/; http://www.orlandosentinel.com/news/orlando-workplace-shooting/os-john-robert-neumann-shooting-suspect-20170605-story.html
Fort Lauderdale airport shooting,"Fort Lauderdale, Florida",2017,Mass,26,latino,male,5,6,11,Other,yes,yes,http://www.nytimes.com/2017/01/07/us/esteban-santiago-fort-lauderdale-airport-shooting-.html?_r=0
Cascade Mall shooting,"Burlington, Washington",2016,Mass,20,other/unknown,male,5,0,5,Other,unknown/tbd,yes,http://www.nytimes.com/2016/09/25/us/mall-shooting-washington-state.html; https://www.seattletimes.com/seattle-news/crime/accused-cascade-mall-shooter-dies-in-snohomish-county-jail/
Dallas police shooting,"Dallas, Texas",2016,Mass,25,black,male,5,11,16,Other,yes,unclear/unknown/tbd,http://www.nytimes.com/2016/07/11/us/dallas-shooting-micah-johnson-police.html?_r=0; http://www.wsj.com/articles/dallas-shooter-purchased-guns-legally-official-says-1468269720
Orlando nightclub massacre,"Orlando, Florida",2016,Mass,29,other/unknown,male,49,53,102,Other,yes,unclear/unknown/tbd,http://www.motherjones.com/politics/2016/06/assault-rifle-used-by-orlando-mass-shooter; http://wrbl.com/2016/06/13/orlando-police-make-statement-on-mass-shooting/; http://www.slate.com/articles/news_and_politics/crime/2016/06/the_ar_15_and_other_assault_rifles_are_bad_high_capacity_magazines_are_worse.html
Kalamazoo shooting spree,"Kalamazoo County, Michigan",2016,Mass,45,white,male,6,2,8,Other,yes,unclear/unknown/tbd,http://www.nytimes.com/2016/02/22/us/kalamazoo-michigan-random-shootings.html; http://www.mlive.com/news/kalamazoo/index.ssf/2016/02/4_things_we_know_about_kalamaz.html; http://www.mlive.com/news/kalamazoo/index.ssf/2016/02/prosecutor_mass_shooting_suspe.html#incart_river_index
San Bernardino mass shooting,"San Bernardino, California",2015,Mass,28,other/unknown,male & female,14,21,35,Workplace,yes,unclear/unknown/tbd,http://www.motherjones.com/mojo/2015/12/san-bernardino-shooting and  http://www.cnbc.com/2015/12/03/san-bernardino-shooting-suspects-rizwan-farook-tashfeen-malik-dead.html and http://www.nytimes.com/2015/12/04/us/san-bernardino-shooting.html and http://www.nytimes.com/2015/12/04/us/weapons-in-san-bernardino-shootings-were-legally-obtained.html?_r=0
Umpqua Community College shooting,"Roseburg, Oregon",2015,Mass,26,other/unknown,male,9,9,18,School,yes,unclear/unknown/tbd,http://www.nytimes.com/2015/10/03/us/chris-harper-mercer-umpqua-community-college-shooting.html; http://www.latimes.com/nation/nationnow/la-na-nn-chris-harper-mercer-oregon-shooting-20151002-htmlstory.html; http://www.huffingtonpost.com/entry/ian-mercer-father-guns_56116d7ae4b0af3706e12525; http://wate.com/2015/10/02/what-we-know-about-umpqua-community-college-shooter-2/; http://www.cnn.com/2015/10/02/us/oregon-umpqua-community-college-shooting/ 
Chattanooga military recruitment center,"Chattanooga, Tennessee",2015,Mass,24,other/unknown,male,5,2,7,Military,yes,unclear/unknown/tbd,http://www.reuters.com/article/2015/07/16/us-usa-shooting-tennessee-idUSKCN0PQ1WY20150716; http://www.nytimes.com/2015/07/18/us/chattanooga-gunmans-past-scoured-for-extremist-ties.html; http://www.wsj.com/articles/chattanooga-shooting-highlights-online-gun-sales-1437435518http://www.nytimes.com/2015/07/19/us/chattanooga-attacks-claim-a-5th-military-service-members-life.html; http://www.cnn.com/2015/07/17/us/tennessee-naval-reserve-shooting/; https://twitter.com/markfollman/status/622105627473477632; http://www.nytimes.com/2015/07/21/us/chattanooga-gunman-wrote-of-suicide-and-martyrdom-official-says.html
Charleston Church Shooting,"Charleston, South Carolina",2015,Mass,21,white,male,9,1,10,Religious,yes,unclear/unknown/tbd,http://www.motherjones.com/politics/2015/06/dylann-roofs-attorney; http://www.newsweek.com/report-nine-shot-charleston-south-carolina-church-shooting-344235; http://www.cnn.com/2015/06/19/us/charleston-church-shooting-suspect/; http://www.motherjones.com/politics/2015/06/9-people-dead-mass-shooting-south-carolina-church; http://www.nbcnews.com/storyline/charleston-church-shooting/fbi-says-dyann-roof-should-not-have-been-sold-gun-n390056 
Marysville-Pilchuck High School shooting,"Marysville, Washington",2014,Mass,15,native american,male,5,1,6,School,no,unclear/unknown/tbd,http://www.seattletimes.com/seattle-news/fourth-marysville-shooting-victim-dies-as-another-is-laid-to-rest/ http://www.mercurynews.com/crime-courts/ci_26814211/jaylen-fryberg-included-tributes-washington-school-shooting-victims
Isla Vista mass murder,"Santa Barbara, California",2014,Mass,22,white,male,6,13,19,School,yes,yes,http://www.sbsheriff.us/documents/ISLAVISTAINVESTIGATIVESUMMARY.pdf Also: http://www.cnn.com/2014/05/24/us/santa-barbara-isla-vista-shooting-profile/ and http://www.cnn.com/2014/05/24/justice/california-shooting-deaths/index.html and http://www.independent.com/news/2015/feb/20/elliot-rodger-report-details-long-struggle-mental-/ and http://www.cbsnews.com/videos/how-was-elliot-rodger-able-to-purchase-weapons/ and http://www.dailymail.co.uk/news/article-2638922/Santa-Barbara-rampage-killer-bought-three-handguns-legally-gun-shop.html
Alturas tribal shooting,"Alturas, California",2014,Spree,44,native american,female,4,2,6,Other,unknown/tbd,unclear/unknown/tbd,http://www.sacbee.com/news/local/crime/article2603350.html; http://www.csmonitor.com/USA/2014/0223/Alturas-tribal-shooting-Was-embezzlement-eviction-behind-family-revenge-video; http://www.cbsnews.com/news/4-dead-2-injured-at-american-indian-tribal-office-in-northern-california/; http://nativenewsonline.net/currents/former-tribal-chairperson-custody-mass-murder-cedarville-rancheria-tribal-headquarters/
Washington Navy Yard shooting,"Washington, D.C.",2013,Mass,34,black,male,12,8,20,Military,yes,yes,http://www.nytimes.com/2013/09/18/us/state-law-stopped-gunman-from-buying-rifle-officials-say.html; http://edition.cnn.com/2013/09/17/us/navy-yard-shooting-military-contractors; http://www.fbi.gov/washingtondc/press-releases/2013/law-enforcement-shares-findings-of-the-investigation-into-the-washington-navy-yard-shootings/index.html
Hialeah apartment shooting,"Hialeah, Florida",2013,Mass,42,latino,male,7,0,7,Other,yes,unclear/unknown/tbd,http://www.miamiherald.com/2013/07/27/v-print/3526078/a-look-at-the-victims-in-the-hialeah.html  http://www.cbsnews.com/8301-201_162-57595796/pedro-vargas-idd-as-gunman-behind-deadly-rampage-in-hialeah-florida/    http://www.miamiherald.com/2013/07/28/3528362/little-about-pedro-vargas-life.html
Santa Monica rampage,"Santa Monica, California",2013,Mass,23,white,male,6,3,9,Other,yes,yes,http://www.cbsnews.com/8301-504083_162-57589327-504083/john-zawahri-suspected-gunman-in-deadly-santa-monica-shooting-left-farewell-note-police-say/
Pinewood Village Apartment shooting,"Federal Way, Washington",2013,Mass,27,black,male,5,0,5,Other,yes,no,http://seattletimes.com/html/localnews/2020836119_federalwayshootingxml.html  
Mohawk Valley shootings,"Herkimer County, New York",2013,Mass,64,white,male,5,2,7,Other,yes,no,https://www.nyspnews.com/article_display.cfm?article_id=29584
Sandy Hook Elementary massacre,"Newtown, Connecticut",2012,Mass,20,white,male,27,2,29,School,no,yes,http://usnews.nbcnews.com/_news/2012/12/14/15911025-authorities-id-gunman-who-killed-27-in-elementary-school-massacre?lite; http://articles.washingtonpost.com/2012-12-14/local/35846977_1_law-enforcement-lanza-brothers-kid
Accent Signage Systems shooting,"Minneapolis, Minnesota",2012,Mass,36,white,male,7,1,8,Workplace,yes,yes,http://www.startribune.com/local/171774461.html?refer=y
Sikh temple shooting,"Oak Creek, Wisconsin",2012,Mass,40,white,male,7,3,10,Religious,yes,yes,http://www.jsonline.com/news/milwaukee/friend-of-page-feared-what-he-might-do-426edmg-165668826.html; http://usnews.nbcnews.com/_news/2012/09/10/13785426-officer-arriving-at-sikh-temple-shooting-time-to-use-deadly-force?lite; http://articles.latimes.com/2012/aug/08/nation/la-na-nn-sikh-shooting-guns-20120807; http://www.bbc.co.uk/news/world-us-canada-19183359
Aurora theater shooting,"Aurora, Colorado",2012,Spree,24,white,male,12,70,82,Other,yes,yes,http://www.cbsnews.com/8301-201_162-57497820/james-holmes-saw-three-mental-health-professionals-before-shooting/; http://www.9news.com/news/article/283503/188/Aurora-shooting-prompts-gun-bills-in-big-states-; http://www.nytimes.com/2012/07/21/us/shooting-at-colorado-theater-showing-batman-movie.html; http://www.motherjones.com/politics/2012/07/batman-theater-shooting-updates-dark-knight-rises
Seattle cafe shooting,"Seattle, Washington",2012,Mass,40,white,male,6,1,7,Other,yes,yes,http://usnews.nbcnews.com/_news/2012/05/30/11959312-six-killed-in-seattle-shootings-including-suspect?lite; http://www.cbsnews.com/8301-201_162-57445177/seattle-shooting-hero-hurled-stools-at-gunman-ian-stawicki-saved-three-lives/?pageNum=2&tag=contentMain;contentBody; http://content.usatoday.com/communities/ondeadline/post/2012/05/seattle-killer-had-concealed-carry-permit-owned-6-guns/1#.UFI9shhgspQ
Oikos University killings,"Oakland, California",2012,Mass,43,asian,male,7,3,10,School,yes,yes,http://blog.sfgate.com/eguillermo/2012/04/05/something-still-doesnt-compute-in-the-one-goh-nightmare/; http://www.mercurynews.com/top-stories/ci_20308252/police-respond-shooting-east-oakland; http://www.cbsnews.com/8301-504083_162-57408732-504083/gun-used-in-oikos-university-shooting-rampage-was-bought-legally-police-say/; http://berkeley.patch.com/articles/one-l-goh-showed-violent-tendencies-before-the-oikos-university-shooting-oikos-university-shooting
Su Jung Health Sauna shooting,"Norcross, Georgia",2012,Mass,59,asian,male,5,0,5,Other,yes,yes,http://www.gwinnettdailypost.com/news/2012/feb/23/police-id-4-victims-shooter-in-spa-killing/; http://www.cbsnews.com/8301-504083_162-57479989-504083/shooting-sprees-in-2012-crimesider-reports-on-some-of-the-countrys-worst-public-shootings-this-year/; http://chronicle.augusta.com/news/metro/2012-02-22/victims-korean-spa-shooting-near-atlanta-were-2-married-couples-gunman-was; http://onlineathens.com/local-news/2012-02-23/mass-shooting-spa-shocks-ga-korean-community
Seal Beach shooting,"Seal Beach, California",2011,Mass,42,white,male,8,1,9,Other,yes,yes,http://laist.com/2011/10/13/seal_beach_shooter_suffered_from_ptsd.php; http://blogs.ocweekly.com/navelgazing/2011/10/hair_salon_seal_beach_shooting.php; http://latimesblogs.latimes.com/lanow/2011/10/seal-beach-shooting-suspect-had-been-ordered-not-to-carry-guns-.html; http://articles.latimes.com/2011/oct/12/local/la-me-1013-seal-beach-shooting-20111013
IHOP shooting,"Carson City, Nevada",2011,Mass,32,latino,male,5,7,12,Other,yes,yes,http://www.huffingtonpost.com/2011/11/03/eduardo-sencion-ihop-shooter_n_1073677.html; http://www.lasvegassun.com/news/2011/sep/06/report-seven-shot-inside-carson-city-ihop/; http://www.lasvegassun.com/news/2011/oct/23/nv-gun-laws-rampage-2nd-ld-writethru/
Tucson shooting,"Tucson, Arizona",2011,Mass,22,white,male,6,13,19,Other,yes,yes,"http://www.time.com/time/magazine/article/0,9171,2042358,00.html; http://www.csmonitor.com/USA/Politics/2011/0110/Why-Jared-Loughner-was-allowed-to-buy-a-gun; http://www.nytimes.com/2011/01/09/us/politics/09giffords.html?ref=jaredleeloughner"
Hartford Beer Distributor shooting,"Manchester, Connecticut",2010,Mass,34,black,male,9,2,11,Workplace,yes,no,http://www.cbsnews.com/8301-504083_162-20012557-504083.html; http://www.msnbc.msn.com/id/38535909/ns/us_news-crime_and_courts/t/dead-shooting-conn-beer-distributor/#.UFGJAqRrND4; http://www.foxnews.com/us/2010/08/03/dead-wounded-conn-workplace-shooting/
Coffee shop police killings,"Parkland, Washington",2009,Mass,37,black,male,4,1,5,Other,no,yes,http://seattletimes.com/html/localnews/2010385617_webmansought29.html; http://www.nytimes.com/2009/11/30/us/30tacoma.html?_r=1; http://seattletimes.com/html/localnews/2014155225_clemmons08m.html
Fort Hood massacre,"Fort Hood, Texas",2009,Mass,39,other/unknown,male,13,30,43,Military,yes,unclear/unknown/tbd,http://seattletimes.com/html/nationworld/2010232219_apusforthoodshooting.html; http://articles.latimes.com/2010/oct/21/nation/la-na-fort-hood-20101022; http://thelede.blogs.nytimes.com/2009/11/05/reports-of-mass-shooting-at-fort-hood/; http://www.usatoday.com/news/military/story/2012-08-14/fort-hood-rampage-trial/57050394/1
Binghamton shootings,"Binghamton, New York",2009,Mass,41,asian,male,14,4,18,Other,yes,yes,http://www.nytimes.com/2009/04/12/nyregion/12binghamton.html?pagewanted=all&_r=0; http://www.nytimes.com/2009/04/04/nyregion/04hostage.html?pagewanted=all
Carthage nursing home shooting,"Carthage, North Carolina",2009,Mass,45,white,male,8,3,11,Other,yes,yes,http://www.wral.com/news/local/story/9845639/; http://www.wral.com/news/local/story/4837676/
Atlantis Plastics shooting,"Henderson, Kentucky",2008,Spree,25,white,male,6,1,7,Workplace,yes,no,"http://www.foxnews.com/story/0,2933,371242,00.html; http://www.msnbc.msn.com/id/25393695/ns/us_news-crime_and_courts/t/witnesses-describe-chaotic-scene-ky-plant/#.UFEbHhhgspQ"
Northern Illinois University shooting,"DeKalb, Illinois",2008,Mass,27,white,male,5,21,26,School,yes,yes,http://www.huffingtonpost.com/jonathan-fast/steve-kazmierczak-the-sec_b_87031.html; http://www.msnbc.msn.com/id/23171567/ns/us_news-crime_and_courts/t/college-shooters-deadly-rampage-baffles-friends/#.UFEZnhhgspQ; http://www.nytimes.com/slideshow/2008/02/14/us/0214-SHOOTING_index.html?ref=schoolshooting&gwh=B62598A5487B946A532C5846B4A85156; www.niu.edu/feb14report/Feb14report.pdf
Kirkwood City Council shooting,"Kirkwood, Missouri",2008,Mass,52,black,male,6,2,8,Other,no,no,http://www.stltoday.com/news/local/crime-and-courts/charles-lee-cookie-thornton-behind-the-smile/article_be96f13c-78b9-11df-bfdc-0017a4a78c22.html; http://www.nytimes.com/2008/02/08/us/08missouri.html; http://nl.newsbank.com/nl-search/we/Archives?p_product=SL&p_theme=sl&p_action=search&p_maxdocs=200&p_topdoc=1&p_text_direct-0=11F1CADA291472F0&p_field_direct-0=document_id&p_perpage=10&p_sort=YMD_date:D&s_trackval=GooglePM
Westroads Mall shooting,"Omaha, Nebraska",2007,Spree,19,white,male,9,4,13,Other,no,yes,"http://www.guardian.co.uk/world/2007/dec/06/usa.usgunviolence2; http://www.npr.org/templates/story/story.php?storyId=16962485; http://www.independentmail.com/news/2007/dec/08/officials-say-assault-rifles-cause-roughly-same-am/; http://www.latimes.com/news/nationworld/nation/la-na-mall7dec07,0,882178.story"
Crandon shooting,"Crandon, Wisconsin",2007,Mass,20,white,male,6,1,7,Other,yes,unclear/unknown/tbd,"http://www.rivernewsonline.com/main.asp?SectionID=6&SubSectionID=47&ArticleID=368; http://news.google.com/newspapers?id=O-MqAAAAIBAJ&sjid=u0UEAAAAIBAJ&pg=6724,5434155&dq=crandon+shooting&hl=en"
Virginia Tech massacre,"Blacksburg, Virginia",2007,Mass,23,asian,male,32,23,55,School,yes,yes,http://www.nytimes.com/2007/04/24/us/24virginia.html; http://www.thestandard.com.hk/news_detail.asp?we_cat=9&art_id=42489&sid=13196711&con_type=1&d_str=20070419&fc=10; http://smartgunlaws.org/mental-health-reporting-policy-summary/
Trolley Square shooting,"Salt Lake City, Utah",2007,Mass,18,white,male,6,4,10,Other,unknown/tbd,unclear/unknown/tbd,http://www.deseretnews.com/article/660205647/Ex-relative-calls-Talovic-vicious-troubled.html?pg=all; http://www.cbsnews.com/stories/2007/02/15/national/main2480419.shtml; http://www.cbsnews.com/8301-201_162-2823327.html
Amish school shooting,"Lancaster County, Pennsylvania",2006,Mass,32,white,male,6,5,11,School,yes,no,"http://news.google.com/newspapers?id=O8oyAAAAIBAJ&sjid=YSUEAAAAIBAJ&pg=6143,1260138&dq=charles+carl+roberts+mentally+ill&hl=en;http://www.msnbc.msn.com/id/15105305/ns/us_news-crime_and_courts/t/th-girl-dies-after-amish-schoolhouse-shooting/#.UFD4SxhgspQ; http://www.foxnews.com/story/0,2933,217170,00.html"
Capitol Hill massacre,"Seattle, Washington",2006,Mass,28,white,male,7,2,9,Other,yes,no,http://seattletimes.com/html/localnews/2002892043_shooter27m.html; http://seattletimes.com/html/localnews/2002898900_huff30m.html
Goleta postal shootings,"Goleta, California",2006,Mass,44,white,female,8,0,8,Workplace,yes,yes,http://www.msnbc.msn.com/id/11167920/ns/us_news-crime_and_courts/t/postal-killer-believed-she-was-target-plot/#.UIxy7kzLwTE; http://www.cbsnews.com/stories/2006/02/02/national/main1272077.shtml; 
Red Lake massacre,"Red Lake, Minnesota",2005,Mass,16,native american,male,10,5,15,School,no,yes,"http://news.google.com/newspapers?id=c4dIAAAAIBAJ&sjid=_XEDAAAAIBAJ&pg=5163,1527281&dq=jeffrey+weise+mental+ill&hl=en; http://www.cbsnews.com/stories/2005/03/24/national/main682915.shtml?source=search_story; http://www.usnews.com/usnews/news/articles/050404/4redlake.htm; http://www.foxnews.com/story/0,2933,151116,00.html"
Living Church of God shooting,"Brookfield, Wisconsin",2005,Spree,44,white,male,7,4,11,Religious,yes,yes,"http://www.cbsnews.com/2100-201_162-679761.html; http://www.foxnews.com/story/0,2933,150255,00.html; http://www.msnbc.msn.com/id/7167861/ns/us_news-crime_and_courts/t/relatives-struggle-answers-after-shooting/#.UN3Scko6JT4"
Damageplan show shooting,"Columbus, Ohio",2004,Mass,25,white,male,5,7,12,Other,yes,yes,http://www.cbsnews.com/2100-201_162-659983.html; http://www.knac.com/article.asp?ArticleID=3417; http://www.blabbermouth.net/news.aspx?mode=Article&newsitemID=86362
Lockheed Martin shooting,"Meridian, Mississippi",2003,Mass,48,white,male,7,8,15,Workplace,yes,yes,http://usatoday30.usatoday.com/news/nation/2003-07-08-miss-shooting-main_x.htm; http://www.nytimes.com/2003/07/09/us/man-kills-5-co-workers-at-plant-and-himself.html; http://www.nytimes.com/2003/07/16/us/national-briefing-south-mississippi-death-toll-rises-in-plant-shooting.html
Navistar shooting,"Melrose Park, Illinois",2001,Mass,66,black,male,5,4,9,Workplace,yes,no,http://articles.chicagotribune.com/2001-02-07/news/0102070122_1_navistar-gun-law-hunting-rifle; http://www.vpc.org/studies/wgun010205.htm
Wakefield massacre,"Wakefield, Massachusetts",2000,Mass,42,white,male,7,0,7,Workplace,yes,yes,"http://www.time.com/time/magazine/article/0,9171,93313,00.html; http://articles.cnn.com/2002-04-22/justice/ctv.mcdermott.trial_1_michael-mcdermott-jury-deliberates-fate-mental-illness?_s=PM:LAW; http://www.nytimes.com/2000/12/27/us/7-die-in-rampage-at-company-co-worker-of-victims-arrested.html; http://www.vpc.org/studies/wgun001226.htm"
Hotel shooting,"Tampa, Florida",1999,Spree,36,latino,male,5,3,8,Workplace,yes,yes,"http://www.sptimes.com/News/123000/news_pf/TampaBay/A_year_later__the_str.shtml; http://www.vpc.org/studies/wgun991230.htm; http://news.google.com/newspapers?id=CSUdAAAAIBAJ&sjid=ZaYEAAAAIBAJ&pg=2043,2634069&dq=silvio+leyva+shooting&hl=en"
Xerox killings,"Honolulu, Hawaii",1999,Spree,40,asian,male,7,0,7,Workplace,yes,yes,http://archives.starbulletin.com/2000/06/02/news/story2.html; http://www.vpc.org/studies/wgun991102.htm
Wedgwood Baptist Church shooting,"Fort Worth, Texas",1999,Mass,47,white,male,8,7,15,Religious,yes,yes,http://www.nytimes.com/1999/09/20/us/fort-worth-remembers-those-killed-at-church.html?pagewanted=all&src=pm; http://www.nytimes.com/1999/09/18/us/death-in-a-church-the-overview-with-question-of-why-unanswered-fort-worth-mourns.html; http://www.vpc.org/studies/wgun990915.htm
Atlanta day trading spree killings,"Atlanta, Georgia",1999,Mass,44,white,male,9,13,22,Workplace,yes,yes,http://www.independent.co.uk/news/i-dont-plan-to-live-much-longer-just-long-enough-to-kill-the-people-that-greedily-sought-my-destruction-1109610.html; http://articles.cnn.com/1999-07-30/us/9907_30_atlanta.shooting.06_1_gladys-barton-debra-spivey-barton-note?_s=PM:US; http://www.vpc.org/studies/wgun990729.htm
Columbine High School massacre,"Littleton, Colorado",1999,Mass,17,white,male,13,24,37,School,no,yes,http://www.usatoday.com/news/nation/2009-04-13-columbine-myths_N.htm; http://www.vpc.org/studies/wgun990420.htm; http://www.slate.com/articles/news_and_politics/assessment/2004/04/the_depressive_and_the_psychopath.html
Thurston High School shooting,"Springfield, Oregon",1998,Mass,15,white,male,4,25,29,School,no,yes,http://www.katu.com/news/local/8082147.html; http://www.pbs.org/wgbh/pages/frontline/shows/kinkel/kip/cron.html; http://www.oregonlive.com/special/index.ssf/2008/05/the_suspect_kipland_kinkels_da.html; http://articles.cnn.com/2000-01-21/us/kinkel.revisited_1_kip-kinkel-thurston-high-school-oregon-school-shooting?_s=PM:US
Westside Middle School killings,"Jonesboro, Arkansas",1998,Mass,11,white,male,5,10,15,School,no,no,http://www.vpc.org/studies/wgun980324.htm
Connecticut Lottery shooting,"Newington, Connecticut",1998,Mass,35,white,male,5,1,6,Workplace,yes,yes,http://www.nytimes.com/1998/03/07/nyregion/rampage-connecticut-overview-connecticut-lottery-worker-kills-4-bosses-then.html?pagewanted=all&src=pm; http://www.nytimes.com/2000/04/11/us/hole-in-gun-control-law-lets-mentally-ill-through.html?pagewanted=all&src=pm
Caltrans maintenance yard shooting,"Orange, California",1997,Spree,41,latino,male,5,2,7,Workplace,yes,no,"http://articles.latimes.com/1997/dec/20/news/mn-431; http://articles.latimes.com/1997/dec/22/local/me-1156; http://www.vpc.org/studies/wgun971218.htm; http://news.google.com/newspapers?id=DitZAAAAIBAJ&sjid=LEcNAAAAIBAJ&pg=6705,2243998&dq=arturo+reyes+torres+caltrans&hl=en"
R.E. Phelon Company shooting,"Aiken, South Carolina",1997,Mass,43,black,male,4,3,7,Workplace,no,no,http://www.vpc.org/studies/wgun970915.htm; http://chronicle.augusta.com/stories/1997/09/18/met_214833.shtml
Fort Lauderdale revenge shooting,"Fort Lauderdale, Florida",1996,Spree,41,black,male,6,1,7,Workplace,yes,yes,http://www.nytimes.com/1996/02/11/us/florida-killer-said-victims-were-racists-police-say.html; http://articles.sun-sentinel.com/1996-02-10/news/9602090635_1_million-firearms-multiple-guns-reloading
Walter Rossler Company massacre,"Corpus Christi, Texas",1995,Mass,28,other/unknown,male,6,0,6,Workplace,yes,no,http://web.caller.com/2000/april/03/today/local_ne/4127.html
Air Force base shooting,"Fairchild Air Force Base, Washington",1994,Mass,20,white,male,5,23,28,Military,yes,yes,http://articles.latimes.com/1994-06-22/news/mn-7137_1_air-force; http://www.nytimes.com/1994/06/22/us/an-airman-s-revenge-5-minutes-of-terror.html
Chuck E. Cheese's killings,"Aurora, Colorado",1993,Mass,19,black,male,4,1,5,Workplace,unknown/tbd,unclear/unknown/tbd,"http://www.denverpost.com/news/ci_20218952/aurora-chuck-e-cheese-killers-appeal-cites-mental; http://abcnews.go.com/US/auroras-massacre-victims-20-year-wait-justice/story?id=16847013; http://www.5280.com/magazine/2008/12/politics-killing?page=0,6 "
Long Island Rail Road massacre,"Garden City, New York",1993,Spree,35,black,male,6,19,25,Other,yes,yes,http://www.nytimes.com/1993/12/12/nyregion/tormented-life-special-report-long-slide-privilege-ends-slaughter-train.html; http://www.vpc.org/studies/wgun931207.htm
Luigi's shooting,"Fayetteville, North Carolina",1993,Mass,22,white,male,4,8,12,Other,yes,no,"http://articles.latimes.com/1993-08-08/news/mn-21847_1_kills-army-french; http://news.google.com/newspapers?id=0AhPAAAAIBAJ&sjid=jhUEAAAAIBAJ&pg=6505,2482529&dq=kenneth+junior+french&hl=en"
101 California Street shootings,"San Francisco, California",1993,Mass,55,white,male,9,6,15,Other,no,no,http://articles.latimes.com/1993-07-03/news/mn-10731_1_mortgage-business/2; http://www.motherjones.com/print/16316; http://www.vpc.org/studies/wgun930701.htm
Watkins Glen killings,"Watkins Glen, New York",1992,Mass,50,white,male,5,0,5,Other,yes,yes,http://www.nytimes.com/1992/10/17/nyregion/shooting-followed-tougher-efforts-to-collect-child-support.html?pagewanted=2&src=pm; http://www.nytimes.com/1992/10/16/nyregion/gunman-kills-4-who-collected-child-payments.html?pagewanted=all&src=pm; http://www.nytimes.com/1992/10/24/nyregion/watkins-glen-killings-called-planned.html
Lindhurst High School shooting,"Olivehurst, California",1992,Mass,20,white,male,4,10,14,School,yes,no,http://www.schoolshooters.info/PL/Subject-Houston_files/Nine%20Brief%20Sketches.pdf; http://www.appeal-democrat.com/news/school-47104-shooting-eckardt.html; http://nl.newsbank.com/nl-search/we/Archives?p_product=SB&p_theme=sb&p_action=search&p_maxdocs=200&p_topdoc=1&p_text_direct-0=0EB0D9D91FC593A0&p_field_direct-0=document_id&p_perpage=10&p_sort=YMD_date:D&s_trackval=GooglePM; http://www.sfgate.com/crime/article/Death-verdict-OKd-for-school-slaughter-3758444.php
Royal Oak postal shootings,"Royal Oak, Michigan",1991,Mass,31,white,male,5,5,10,Workplace,yes,yes,http://www.nytimes.com/1991/11/15/us/ex-postal-worker-kills-3-and-wounds-6-in-michigan.html; http://www.mlive.com/news/detroit/index.ssf/2011/11/monday_ceremony_marks_20_years.html
University of Iowa shooting,"Iowa City, Iowa",1991,Spree,28,asian,male,6,1,7,School,yes,unclear/unknown/tbd,http://www.nytimes.com/1991/11/03/us/gunman-in-iowa-wrote-of-plans-in-five-letters.html?pagewanted=all&src=pm; http://thegazette.com/2011/11/01/gang-lu-shootings-at-ui-remembered-20-years-later/; http://www.nytimes.com/1991/11/04/us/iowa-gunman-was-torn-by-academic-challenge.html?pagewanted=2&src=pm
Luby's massacre,"Killeen, Texas",1991,Mass,35,white,male,24,20,44,Other,yes,no,http://www.nytimes.com/1991/10/18/us/portrait-of-texas-killer-impatient-and-troubled.html?pagewanted=all&src=pm; http://www.kwtx.com/home/headlines/7048182.html; http://www.nytimes.com/1991/10/20/weekinreview/dead-23-texans-and-1-anti-gun-measure.html; http://www.vpc.org/studies/wgun911016.htm
GMAC massacre,"Jacksonville, Florida",1990,Mass,42,black,male,10,4,14,Other,yes,no,http://www.nytimes.com/1990/06/19/us/florida-gunman-kills-8-and-wounds-6-in-office.html; http://www.nytimes.com/1990/06/20/us/hazy-records-helped-florida-gunman-buy-arms.html; http://www.vpc.org/studies/wgun900618.htm; http://www.nytimes.com/1990/06/19/us/florida-gunman-kills-8-and-wounds-6-in-office.html?pagewanted=all&src=pm
Standard Gravure shooting,"Louisville, Kentucky",1989,Mass,47,white,male,9,12,21,Workplace,yes,yes,http://nl.newsbank.com/nl-search/we/Archives?p_product=LH&s_site=kentucky&p_multi=LH&p_theme=realcities&p_action=search&p_maxdocs=200&p_topdoc=1&p_text_direct-0=0EB73C025033DC82&p_field_direct-0=document_id&p_perpage=10&p_sort=YMD_date:D&s_trackval=GooglePM; http://www.nytimes.com/1989/09/16/us/disturbed-past-of-killer-of-7-is-unraveled.html?pagewanted=all&src=pm
Stockton schoolyard shooting,"Stockton, California",1989,Mass,26,white,male,6,29,35,School,yes,yes,"http://www.recordnet.com/apps/pbcs.dll/article?AID=/20090118/A_NEWS/901170304; http://news.google.com/newspapers?id=N8IzAAAAIBAJ&sjid=kDIHAAAAIBAJ&pg=6930,6475926&dq=patrick+purdy&hl=en; http://www.time.com/time/magazine/article/0,9171,151105,00.html"
ESL shooting,"Sunnyvale, California",1988,Mass,39,white,male,7,4,11,Workplace,yes,yes,"http://articles.latimes.com/1988-02-18/news/mn-43514_1_mr-farley-richard-farley-sunnyvale-public-safety-department; http://news.google.com/newspapers?id=uqxAAAAAIBAJ&sjid=sDIHAAAAIBAJ&pg=2425,5898911&dq=richard+farley+shooting&hl=en; http://news.google.com/newspapers?id=FmYzAAAAIBAJ&sjid=WzIHAAAAIBAJ&pg=7028,576811&dq=richard+farley+shooting&hl=en"
Shopping centers spree killings,"Palm Bay, Florida",1987,Spree,59,white,male,6,14,20,Other,yes,yes,http://articles.latimes.com/1987-04-25/news/mn-990_1_palm-bay-police
United States Postal Service shooting,"Edmond, Oklahoma",1986,Mass,44,white,male,15,6,21,Workplace,yes,unclear/unknown/tbd,"http://news.google.com/newspapers?id=dm8aAAAAIBAJ&sjid=pyoEAAAAIBAJ&pg=2297,4870051&dq=patrick+sherrill&hl=en"
San Ysidro McDonald's massacre,"San Ysidro, California",1984,Mass,41,white,male,22,19,41,Other,yes,yes,http://www.utsandiego.com/san-ysidro-massacre/; http://www.vpc.org/studies/wgun840718.htm
Dallas nightclub shooting,"Dallas, Texas",1984,Mass,39,white,male,6,1,7,Other,no,yes,"http://books.google.com/books?id=Hr3OBwP-lbUC&pg=PA38&lpg=PA38&dq=Abdelkrim+Belachheb+mental&source=bl&ots=D56pgdNnnl&sig=grAT08P9HLfPoHVgwlXt8RfPHz0&hl=en&; http://www.nytimes.com/1984/06/30/us/6-die-in-dallas-club-as-enraged-man-fires-wildly.html; http://news.google.com/newspapers?id=gKQyAAAAIBAJ&sjid=WO8FAAAAIBAJ&pg=1236,2915759&dq=abdelkrim+belachheb&hl=en; http://books.google.com/books?id=Hr3OBwP-lbUC&pg=PA67&lpg=PA67&dq=%22hine+pawnshop%22+gun&source=bl&ots=D55vgfTsnk&sig=zDxr5nohKnNQWvLrUFmZGYQ5ar4&hl=en&sa=X&ei=9WZSUN2FN-XZigKN-oGoCA&ved=0CDcQ6AEwAA#v=onepage&q=%22hine%20pawnshop%22%20gun&f=false"
Welding shop shooting,"Miami, Florida",1982,Mass,51,white,male,8,3,11,Other,yes,yes,http://www.nytimes.com/1982/08/21/us/gunman-in-miami-kills-8-in-rampage.html; http://www.nytimes.com/1982/08/24/us/no-charges-planned-against-miami-man-who-shot-gunman.html; http://www.nytimes.com/1982/10/14/us/florida-city-rescinds-law-on-buying-guns.html
